design,model,comparison,delta_mae,delta_mae_ci_low,delta_mae_ci_high,delta_rmse,delta_rmse_ci_low,delta_rmse_ci_high,p_improve_rmse,p_improve_mae
one_lag,M1_history_gb,vs_persistence,1.5065894228731302,-0.4449833761979361,3.5943812842350824,3.0096969967012726,-0.2164847545455914,5.346084404100486,0.965,0.9285
one_lag,M1_history_rf,vs_persistence,0.6986747467785968,-1.0622449562224678,2.5486907397533094,1.8446282268745264,-1.3118625850219812,3.907656674694036,0.8515,0.78
one_lag,M2_history_env_compact_gb,vs_persistence,0.8551334720439243,-0.9886412211250033,2.7575954025338936,0.7583374961288811,-0.33638904620308896,2.7190334075388023,0.9255,0.814
one_lag,M2_history_env_compact_rf,vs_persistence,0.9162301362194576,-1.053454427709157,2.770569224008807,2.13506745796078,-1.0036631813928467,4.037674156541164,0.9105,0.8305
one_lag,M3_history_vc_gb,vs_persistence,0.6199999282016861,-0.7226162038136322,2.01805604753762,1.7229079669778855,-0.00860859398609486,2.8906833802813043,0.974,0.821
one_lag,M3_history_vc_rf,vs_persistence,1.6882788935425204,-1.0044463539983524,4.387971714083237,4.175082128555658,-1.0560900405635114,7.738355936333274,0.9175,0.893
one_lag,M4_history_env_compact_vc_gb,vs_persistence,0.7084899388954291,-1.1215413573790767,2.643606440823598,1.1175367089504888,-0.20898632386428675,2.5452594198607454,0.9585,0.777
one_lag,M4_history_env_compact_vc_rf,vs_persistence,0.6833608109766587,-1.1462547602535658,2.466799385178578,2.2613086606790773,-0.8826717018486685,4.1774518204458335,0.908,0.771
one_lag,M5_history_env_full_gb,vs_persistence,0.38555005658933794,-1.560563239806148,2.3841343782122038,0.5532520167477486,-0.6242263641395763,2.489557577691916,0.844,0.644
one_lag,M5_history_env_full_rf,vs_persistence,0.7506350005914335,-0.9445914759050131,2.4070925217564323,1.8909166653022282,-0.8585344090479778,3.565988703242305,0.89,0.806
one_lag,M6_history_env_full_vc_gb,vs_persistence,0.447122682333454,-1.416086686246706,2.344625410136089,0.6803948861046933,-0.5483400502310763,2.423877720770296,0.9065,0.685
one_lag,M6_history_env_full_vc_rf,vs_persistence,0.7396419482187078,-1.0593320875419416,2.5298906984787157,2.0459761713523505,-0.8992439820177971,3.871986380833203,0.896,0.788
one_lag,M4_history_env_compact_vc_rf,compact +VC vs compact,-0.2328693252427989,-0.6228268646356193,0.16385661866901566,0.12624120271829753,-0.36263635893675816,0.36507044160350327,0.7235,0.13
one_lag,M6_history_env_full_vc_rf,full +VC vs full,-0.010993052372725742,-0.333408792916845,0.2766150139746325,0.1550595060501223,-0.15077443405811514,0.32615999688622693,0.8795,0.466
one_lag,M4_history_env_compact_vc_gb,compact +VC vs compact,-0.1466435331484952,-0.568456998162479,0.23515155025517978,0.3591992128216077,-0.20728271263825518,0.7365674851235762,0.793,0.2345
one_lag,M6_history_env_full_vc_gb,full +VC vs full,0.06157262574411604,-0.3076387603843296,0.4314386102397288,0.12714286935694474,-0.12289385837793523,0.3530646142782936,0.8875,0.622
two_lag,M1_history_gb,vs_persistence,1.7432573852332531,-0.7333555834461508,4.499564961112399,3.846374553195737,0.2227048293255562,6.463999968427948,0.981,0.9025
two_lag,M1_history_rf,vs_persistence,0.7853067762737709,-2.592755008243481,4.069119312852895,3.8548265185307216,-1.5160516623667166,7.497577352163966,0.8715,0.6415
two_lag,M2_history_env_compact_gb,vs_persistence,0.6519546056706851,-2.102939466257553,3.469644341008596,2.2752000428754044,-1.091832414718898,4.375357463546013,0.896,0.6525
two_lag,M2_history_env_compact_rf,vs_persistence,0.5149245989229456,-2.924901797678603,4.125203906242743,3.5825243240493805,-3.0935263962996458,8.052358674960733,0.778,0.6105
two_lag,M3_history_vc_gb,vs_persistence,1.3233130710088012,-1.0632368345555412,3.7480955283834567,3.094945548452486,0.35174274706643466,4.876308658995391,0.989,0.8705
two_lag,M3_history_vc_rf,vs_persistence,0.9783177608851545,-2.1871959191036434,4.493550490240331,3.759990832983874,-1.554254426306749,7.36003292620089,0.8755,0.7015
two_lag,M4_history_env_compact_vc_gb,vs_persistence,0.4724142908400033,-2.5689108860696264,3.400062577806525,3.303124780053871,-1.2040944934218611,6.392870499549021,0.892,0.6165
two_lag,M4_history_env_compact_vc_rf,vs_persistence,0.5377365292538698,-2.583357164859257,4.424737697401446,3.8133836625821758,-2.5394174425004836,8.74252525659037,0.78,0.5955
two_lag,M5_history_env_full_gb,vs_persistence,0.30658393760604596,-1.9009918054287607,2.6796229233783415,2.5907871957875415,-1.0252645148658184,4.899839006960544,0.8795,0.5865
two_lag,M5_history_env_full_rf,vs_persistence,0.4255031976796495,-2.544376907882836,3.5235847915211758,3.2307772528221292,-2.6487628818694127,7.239646271654697,0.7835,0.5935
two_lag,M6_history_env_full_vc_gb,vs_persistence,0.14110485057266686,-2.4374441652135337,2.95249002480017,2.847689848274861,-1.0099648884572638,5.588266434929217,0.8885,0.527
two_lag,M6_history_env_full_vc_rf,vs_persistence,0.49865441190739546,-2.4741341396861705,3.7290234861250657,3.431784782984451,-2.3144691836153575,7.549867681629144,0.783,0.592
two_lag,M4_history_env_compact_vc_rf,compact +VC vs compact,0.022811930330924213,-0.47341505841121334,0.46500880727972965,0.23085933853279528,-0.09428572938579949,0.4381056253093731,0.934,0.551
two_lag,M6_history_env_full_vc_rf,full +VC vs full,0.07315121422774595,-0.20684794936803524,0.382006919141355,0.20100753016232176,-0.06874019752016051,0.39438276236423775,0.9305,0.688
two_lag,M4_history_env_compact_vc_gb,compact +VC vs compact,-0.17954031483068178,-1.2471584171656662,0.83405356702438,1.0279247371784663,-0.5228658511077438,2.118803816181942,0.824,0.3705
two_lag,M6_history_env_full_vc_gb,full +VC vs full,-0.1654790870333791,-1.0345267191468122,0.6880812407427147,0.25690265248731947,-0.5625124779912134,0.7375762915527605,0.781,0.3745
