Country,Year,Incidence,Temp_mean,Temp_std,Temp_min,Temp_max,NDVI_mean,NDVI_std,NDWI_mean,NDWI_std,Rainfall_total,Rainfall_mean,Rainfall_std,Rainfall_max,Wet_months,Population_density,Rainfall_log,Population_log,Temp_sq,Rainfall_sq,Temp_Rain,NDVI_NDWI,lag1_incidence,lag2_incidence
Angola,2015,154.48,33.28937914564209,4.467960840051112,28.101971166806138,41.14769379286351,0.5174580263553734,0.08980373937358592,-0.5341767100794034,0.0614589817267971,897.7509681587279,74.812580679894,67.83398008950215,183.4857035565609,7,0.1682690198261749,6.801005986262746,0.15552318307890298,1108.1827639023104,805956.8008299333,29885.57235740315,-0.27641402612269456,,
Angola,2016,155.66,32.47731622294477,3.8318368587339533,28.10085424631617,40.37922139946937,0.5316117313227925,0.08573223238703444,-0.5455774577660082,0.053835949008681085,979.9621376404174,81.66351147003478,74.77892357510098,195.83478326938604,7,0.17611169250980377,6.888533863143077,0.162213821590424,1054.7760690451516,960325.7912087763,31826.540230660765,-0.2900353768936753,154.48,
Angola,2017,154.97,32.30274659744189,4.4004550750343565,27.05011139210617,41.37491448484506,0.5287229040953701,0.09327817882485444,-0.5425958466028166,0.06225349197739572,922.0454030744405,76.83711692287004,69.52015204524952,187.93571343769813,7,0.18404445470963213,6.827678424056233,0.1689360819644323,1043.4674377385436,850167.7253307075,29784.599006849818,-0.28688285176592715,155.66,154.48
Angola,2018,228.9,33.01600595729765,4.654740729252069,28.28797030880053,40.81105468891264,0.5389684370148536,0.0801714332500607,-0.5501837106023122,0.05477498458130856,976.6343070346728,81.3861922528894,69.710550314185,179.3574674363162,7,0.1931195629282072,6.885135680922155,0.17657135848651306,1090.056649372314,953814.5696770956,32244.564099158022,-0.29653165457436076,154.97,155.66
Angola,2020,251.6,31.831261498533834,3.469541997850504,28.27434982623575,39.3017319805066,0.5360681668216417,0.08971727771582538,-0.5485854165826679,0.05801401798794527,954.1257722474529,79.51048102062107,69.47635475495187,172.78194562938984,7,0.2261820805850899,6.861843030497652,0.20390534246140193,1013.2292085880424,910355.9892667984,30371.02695889921,-0.29407917861255745,228.9,154.97
Benin,2015,358.15,37.392379671199194,4.834471594728093,27.487807242504584,45.36414196134354,0.45790500135960394,0.13107597467721854,-0.488031690214675,0.0785364406398074,964.7030922182374,80.39192435151979,76.9222316537486,240.1388924464912,7,0.8387524727412355,6.872856429016247,0.6090873377272956,1398.1900574751107,930652.0561354291,36072.54429420422,-0.22347215177128057,,
Benin,2016,368.57,34.56570073285725,6.442942293569784,21.80867616763128,46.74930360132004,0.4746089095216452,0.13892129444377233,-0.4995314803831549,0.08534983211387415,1084.6862734210029,90.39052278508358,81.7956327665026,224.88365005177155,8,0.8719010105471209,6.989967576089819,0.6269544976760189,1194.7876671534484,1176544.3117479426,37492.94111610856,-0.23708209117638226,358.15,
Benin,2017,367.91,34.71106338735099,6.619792538862498,24.315853522754896,47.5596343234492,0.47901979361542274,0.1379736096911255,-0.5002386179044493,0.08005623701023641,1074.8909132393812,89.57424276994844,94.43098147618801,236.31792136789164,5,0.9112005809625002,6.980904353834466,0.647731621007284,1204.8579214806985,1155390.475364591,37310.606623939755,-0.23962419950705363,368.57,358.15
Benin,2018,386.2,29.21723149797818,22.3412724421187,-40.17391951024885,42.35031422700317,0.45922728902232457,0.13126977788593566,-0.48257288552574157,0.0956474239468203,1196.1074661179514,99.67562217649595,94.23432975061918,286.4995795995388,6,0.941807831155081,7.087663481075191,0.6636194108817527,853.6466164064483,1430673.0705031063,34946.94873402828,-0.22161063797566688,367.91,368.57
Benin,2020,388.3,34.543484748805,6.214829876741379,22.55885740172525,43.32195294476439,0.4642485516712312,0.12892077347859232,-0.48325804140273676,0.0790954584060336,1150.722223087243,95.89351859060359,92.18408533533956,241.7916414564456,7,1.0203488731633623,7.049013686388015,0.70327020598736,1193.2523385909235,1324161.6347068467,39749.955563325166,-0.22435184580469641,386.2,367.91
Burkina Faso,2015,429.04,38.564298215601575,6.048907597065474,25.649236362170136,46.06344968277732,0.3111040724792051,0.1128046696866136,-0.41015420147979514,0.069102955955043,870.0481348700598,72.50401123917165,97.06773334486651,271.7260587175821,4,0.542162700117242,6.769697239240617,0.43318578197278884,1487.2050968618507,756983.7569908698,33552.79573505693,-0.12760064242482066,,
Burkina Faso,2016,411.62,38.07072692908648,4.766666869461164,29.298080724875334,47.67383773795121,0.3248116517755805,0.11098836599750986,-0.4211973632104716,0.0649446059917625,831.0144544595101,69.25120453829251,88.56048994950106,256.2803856180008,5,0.5623496949426889,6.723849813818747,0.44619090276468193,1449.3802489090708,690585.0235206373,31637.324369851787,-0.13680981126791242,429.04,
Burkina Faso,2017,411.99,38.16764649303034,4.268440902200668,31.035047648387227,46.14305056735829,0.31583730570455376,0.10098670097483002,-0.4156801325280681,0.0579194933429003,721.8519070697196,60.1543255891433,69.96304131615881,201.22048678541577,5,0.5854365230927249,6.583204370015784,0.46085977830248614,1456.7692388169312,521070.1757401911,27551.388409356845,-0.13128729309257686,411.62,429.04
Burkina Faso,2018,398.7,38.460504812745015,5.588979708537232,30.22424694822758,47.95780713978982,0.32684456472086637,0.1094185173978311,-0.4261861066105783,0.06420303909941284,865.1049927112674,72.09208272593895,87.17742319315953,249.29843932231788,6,0.6036404745356868,6.764006139910232,0.4722763412629615,1479.2104304511824,748406.6484139621,33272.37473570144,-0.13929661250521522,411.99,411.62
Burkina Faso,2020,389.9,38.84166913343969,6.255372708881798,24.79194458325248,48.926224754856754,0.3195327373595675,0.10987686013326635,-0.4216020048111595,0.06702533750985588,882.6109717398358,73.55091431165299,91.74786073384259,248.8832682077936,5,0.6452577880412704,6.784016888557866,0.4978970819950807,1508.6752610716014,779002.1274355373,34282.08333786239,-0.13471564267359135,398.7,411.99
Burundi,2015,191.91,29.23884808115194,4.714232325936827,23.814554469843525,37.08766248091594,0.5482051532477276,0.07611123415765732,-0.5227469067638605,0.040595604731867005,1342.1608569425127,111.84673807854273,83.97629631961803,219.97345291839423,8,4.212697181348773,7.202780963693762,1.6510974149655575,854.9102371126825,1801395.7659086601,39243.23739661083,-0.2865725481322577,,
Burundi,2016,195.1,30.392147323434532,3.812341056225656,23.9159608812618,36.51071917875483,0.5507233872678992,0.09687561824387561,-0.533533591940299,0.05677777194582608,1239.3005420336826,103.27504516947356,78.46396641802356,250.40962195293503,9,4.44668155800957,7.123109001839396,1.6950065347886945,923.6826189293488,1535865.8334849796,37665.004651499956,-0.2938294269745706,191.91,
Burundi,2017,194.5,28.201109651701373,4.058807287769409,19.37011960182115,32.53567097888519,0.530507966034575,0.07920638023404099,-0.5112889271526838,0.05816354822835549,1216.061300439834,101.3384417033195,69.19071304585958,173.80737392369386,9,4.51715953917884,7.104194461842113,1.7078631516134999,795.3025855872843,1478805.0864274201,34294.27807689433,-0.27124284879977023,195.1,191.91
Burundi,2018,250.3,28.494578321403452,3.997400097500663,22.405313808432595,35.89577003310152,0.560848738922624,0.07521204987930019,-0.5364297258641265,0.04461863998463177,1500.9157812745045,125.07631510620871,106.47223339616835,326.1004712542364,8,4.657217980759285,7.31449675969645,1.732932248544097,811.9409937145956,2252748.1824788563,42767.96228335682,-0.3008559352715042,194.5,195.1
Burundi,2020,294.9,29.388375780853167,3.284189014730899,24.73611803715011,35.22076820882128,0.5667312474951623,0.08383696577986938,-0.5421629093893173,0.05395433075455217,1472.785404029329,122.73211700244407,93.20700199857248,269.0666095830685,9,4.956788938445426,7.2955894746533305,1.7845315671720319,863.676631036637,2169096.846321834,43282.770898169576,-0.30726066198381446,250.3,194.5
Cameroon,2015,316.34,30.37310036814134,2.6560318436767285,26.95620756103274,35.27232106177407,0.5855625332971695,0.09094154630273311,-0.5686435785983492,0.06034627325873541,1504.318310881427,125.35985924011891,97.35792923033635,263.0301371635055,9,0.45136867051025115,7.316759657066324,0.37250702192563917,922.5252259731876,2262973.5804531495,45690.811042034424,-0.33297637442721745,,
Cameroon,2016,306.16,29.496667976201497,3.931565043218831,18.582216136751885,33.768645303816136,0.5692634854893273,0.088072649415846,-0.5546868944323783,0.05845003182223887,1689.15194263242,140.762661886035,94.15947318183194,263.51614597990715,9,0.46774562384561974,7.432573710758827,0.38372763441836394,870.0534216982709,2853234.2852988783,49824.35401318425,-0.3157629948798262,316.34,
Cameroon,2017,303.8,29.58779979861868,5.65958533883352,13.369327617526192,35.79879858884576,0.5748338236676703,0.07603950649076897,-0.5569440642648443,0.05397444921634858,1597.9880467836263,133.16567056530218,88.34591603200496,227.3115363813052,9,0.4863315584691712,7.377126237373634,0.3963110428539589,875.4378969231395,2553565.7976633487,47280.95040881963,-0.32015028603037315,306.16,316.34
Cameroon,2018,247.0,30.097091284328574,1.9166778122016814,25.900220957608624,33.144029392121325,0.5812998071313521,0.08423160622736373,-0.5640971144911363,0.05334571741106973,1656.1170597618466,138.00975498015387,88.95019427973307,257.3101499126397,10,0.5021101524458808,7.412834660532877,0.4068708878339159,905.834903777207,2742723.7156342235,49844.30632518614,-0.3279095438570498,303.8,306.16
Cameroon,2020,260.0,30.05459366147238,3.2392992822842848,24.08434972170545,35.8209740401905,0.5812580788183223,0.06847434407291456,-0.5615822166050563,0.04688935724207868,1660.7744943552211,138.39787452960175,95.24071521460553,270.3017089606681,9,0.5344119423643596,7.415641282909474,0.42814720820092467,903.2786001562158,2758171.9211008404,49913.902591183425,-0.3264242003223899,247.0,303.8
Central African Republic,2015,386.75,29.963353953136856,4.184458154322172,20.04636642703754,34.89142204106669,0.6500335576774349,0.10598552092151103,-0.6193819793826804,0.062497515971292134,1353.6723529902622,112.80602941585518,88.35843550450171,228.9248338712924,8,0.0542850597554733,7.211314898162793,0.052862868728733255,897.802580120962,1832428.839250193,40560.56384922284,-0.40261907161941535,,
Central African Republic,2016,387.55,30.60695798559919,4.063992102393193,24.41660157363835,37.47502766654566,0.640024840381148,0.12094217783809556,-0.6131943659707354,0.072281153314629,1404.8850436947894,117.07375364123244,84.8269376263948,227.23180666284017,8,0.0551809585380906,7.2484223077867185,0.05371227690000829,936.7858771322341,1973701.9859973101,42999.257506963106,-0.3924596262030392,386.75,
Central African Republic,2017,387.32,30.35649596727116,3.6538384277627842,24.51625435798838,36.15176425838796,0.6439405134288033,0.11697156226305744,-0.6148166645432059,0.07117142066744445,1454.4156650432394,121.20130542026995,91.35292596840992,236.7325419073524,8,0.0564564851418991,7.283046819248795,0.05492036947552184,921.5168474109503,2115324.926723168,44150.963270621105,-0.3959053586305364,387.55,386.75
Central African Republic,2018,347.3,31.175230474003545,2.6573986316995772,28.04959314303745,36.64975006535936,0.6536907201425284,0.11793110884230704,-0.6244726471046319,0.07135039339541568,1405.2842404315911,117.10702003596593,89.81831261229706,229.1086865739009,8,0.0576951525304548,7.248706214407658,0.056092156312583685,971.8949951072393,1974823.796405394,43810.060076939866,-0.40821197439513784,387.32,387.55
Central African Republic,2020,336.0,30.413416485944214,3.5274227979428976,25.71225318092805,36.81283563214517,0.6533060919013168,0.1140868006319485,-0.6254974131363574,0.06763817713814581,1288.9396204470495,107.41163503725413,85.45361856375838,240.2827494190488,8,0.0600785607814747,7.162350690405289,0.05834301932246051,924.9759023475033,1661365.345158184,39201.05750189097,-0.4086412704704971,347.3,387.32
Chad,2015,194.14,41.55109529396232,5.940832885390209,30.6447368924631,48.66256248721494,0.18596666326401146,0.0430229550115149,-0.32971077597426124,0.027178681668058823,300.30174882696684,25.02514573558057,33.21116835444889,95.19784691963112,3,0.0888257161303234,5.708112250390791,0.08509979085864272,1726.4935201279377,90181.14034853468,12477.866582452836,-0.061315212850121356,,
Chad,2016,188.18,41.31858197323156,4.942599560131877,31.521626930903263,48.60927914447137,0.1854760807746885,0.04276923081549191,-0.32932943007451265,0.028319232460875095,304.6261584252454,25.385513202103784,33.2642208879692,90.61932466801473,2,0.09215429743426158,5.722362650570404,0.08815216535781184,1707.225216278656,92797.09639692272,12586.720898084126,-0.06108273197398244,194.14,
Chad,2017,188.61,40.75892829280844,4.582141340996362,33.300774815133174,47.0988843003181,0.1865442983685646,0.04107286463649089,-0.32939573193272587,0.02540603560441049,333.29680304367537,27.774733586972946,37.97560696245597,100.72762529215342,3,0.09568563800225378,5.812029230244446,0.09138032074291622,1661.2902355783006,111086.75891913453,13584.820495479462,-0.06144689569899013,188.18,194.14
Chad,2018,164.8,41.52360813743265,5.079438809496812,31.750747461396664,47.03107631686056,0.19285855029244692,0.05015799127745192,-0.3347864368019485,0.03218837209343575,327.36018914508753,27.280015762090628,36.73138952221803,112.21484196059326,3,0.0993759008965981,5.794111143509524,0.09474265597186088,1724.2100327510632,107164.69343710749,13593.17621385645,-0.06456642685919768,188.61,188.18
Chad,2020,206.3,41.411709005209204,5.11784326865891,31.43738943959752,48.200961454926414,0.19750550226251576,0.0477692699999991,-0.33896622721780617,0.030834721073163172,364.0661148278312,30.338842902319268,41.10569836006162,119.74397866205142,3,0.10718676997145178,5.90007847369386,0.10182235672339937,1714.929642732125,132544.13596583158,15076.600005907225,-0.06694769495668285,164.8,188.61
Congo,2015,208.99,29.639703131150146,2.1247130593133647,26.392577252030414,33.567529973709206,0.6702394415802005,0.03177233953502306,-0.6143292702955679,0.026272335797655245,1449.098567890031,120.75821399083593,62.01662432239898,208.889918465917,10,0.1218185488923542,7.279386810959425,0.11495107289242353,878.5120017027117,2099886.659460939,42950.85136003535,-0.41174770706927355,,
Congo,2016,201.08,29.369595610690084,2.944727108781398,21.97777196297825,32.334164905173466,0.6739227985185942,0.05058104470815913,-0.6181374129079517,0.04254981882698288,1649.5940332010102,137.46616943341752,65.55532258439911,233.7713111511784,11,0.1229401082958027,7.408890522224757,0.11595034245147731,862.5731463354663,2721160.4743723758,48447.90967692094,-0.4165768951759706,208.99,
Congo,2017,197.63,26.60108732924165,8.873390508151372,0.5710545804304041,34.128406032624504,0.6626535366731936,0.06411915861828799,-0.6067158530028908,0.05818093289006693,1734.0436471548694,144.50363726290578,65.2095018824462,237.6190406512004,11,0.1269823855603015,7.458787848926128,0.11954360544153249,707.6178470979407,3006907.370238161,46127.446490683375,-0.402042405748059,201.08,208.99
Congo,2018,235.1,27.986996743060434,2.6053309724034617,20.48789431839753,30.35547270706093,0.6741475268749731,0.03760435237979816,-0.6174535013770782,0.031900485674030844,1649.8839732685494,137.49033110571244,59.586628232675544,220.8510621455828,11,0.133200315223396,7.40906616481133,0.12504576714520235,783.2719866960754,2722117.1252484154,46175.2973862945,-0.4162547509136501,197.63,201.08
Congo,2020,213.2,28.40088259741429,3.2851018276126984,20.008600010140743,32.5641096479451,0.6647624071414245,0.046502698549503396,-0.6068278540809132,0.04202019963827558,1637.9648586760884,136.4970715563407,53.55366486460245,215.71596917379765,12,0.1464210990053334,7.401820137803839,0.13664500193794565,806.61013231211,2682928.878257778,46519.647649949875,-0.403396344999293,235.1,197.63
Côte d'Ivoire,2015,146.95,30.769407923972153,3.3779933504047452,24.81863286144866,36.880711904821176,0.5917321735352854,0.06383199465691938,-0.5613108021113535,0.03856848926492416,1140.5921034963924,95.0493419580327,51.61042277317372,152.2163028649513,10,0.6304574088470567,7.040179149089293,0.48886059437711965,946.7564639918003,1300950.346558325,35095.34370734196,-0.3321456609621857,,
Côte d'Ivoire,2016,140.1,30.80680254347101,3.157944034866436,25.66113860032389,36.0529804753792,0.5723811785859608,0.07787048208179452,-0.5459403876873371,0.04703295183666862,1233.896125311856,102.82467710932133,64.83099590266335,204.9016038762045,9,0.6426100950278496,7.118742136465486,0.49628649806657565,949.059082952412,1522499.6480596112,38012.39429163631,-0.31248600254215436,146.95,
Côte d'Ivoire,2017,138.86,31.007995010835145,2.6510707906080584,26.398602792296085,36.07790561568645,0.5839637495751506,0.0723094032881468,-0.5602827156782936,0.04183693910223423,1294.4744754378187,107.87287295315156,67.62797218781449,242.2617204609656,9,0.6593490078485792,7.166632297328577,0.5064253615054224,961.4957545919773,1675664.1675600158,40139.05807602932,-0.32718479546964435,140.1,146.95
Côte d'Ivoire,2018,330.6,31.170527066310978,3.063186859118141,26.055437410180232,36.509372460023386,0.6128324660430132,0.08423393836843013,-0.5836765918926307,0.053576241859722845,1428.3172247625412,119.02643539687843,73.68712105734284,214.59154434742453,10,0.675192416965348,7.2649521440301275,0.5159280344795181,971.6017575916253,2040090.0945533675,44521.40071373897,-0.3576959651811423,138.86,140.1
Côte d'Ivoire,2020,287.0,31.026407072152008,3.997025349379495,23.25545844893884,36.627940206246016,0.5956471846789618,0.06586790135189523,-0.5699421361787731,0.03603697359090663,1295.9839737753387,107.99866448127823,67.17012508158481,191.2460207912876,8,0.7136871619959454,7.167796827860256,0.5386472842613472,962.6379358068841,1679574.4602825176,40209.72632933883,-0.3394844288447997,330.6,138.86
Democratic Republic of the Congo,2015,317.07,28.7581563753261,1.664753255202794,25.847847318109995,31.38397977802646,0.6782314380785898,0.05054382323655594,-0.617465312285987,0.04338706225466514,1527.4087083266313,127.28405902721927,46.057537092513435,187.67674245094884,12,0.3389329483783075,7.331982413231619,0.29187298956147495,827.0315581077091,2332977.3622720283,43925.458483092116,-0.4187843867153705,,
Democratic Republic of the Congo,2016,310.59,29.141546509947286,1.5714161281036239,26.575774275982056,31.90928035922784,0.6788345340768892,0.0586976880747057,-0.6231618580658104,0.04794618436187566,1550.575434597126,129.2146195497605,47.694933134750144,205.9102571215932,12,0.3550489696336392,7.347026103136488,0.3038375936296572,849.2297329914209,2404284.1783760665,45186.16614449388,-0.42302378957459297,317.07,
Democratic Republic of the Congo,2017,307.62,28.892803413314386,1.5509589708295097,26.775851242223723,31.37886518329231,0.6845188043604189,0.06138396758583184,-0.6272409067897448,0.05154039989400121,1632.4116069987215,136.03430058322678,45.04814757046721,193.1131722377312,12,0.3730865788964642,7.398426116934633,0.31706118298891095,834.7940890804315,2664767.654664148,47164.94765062668,-0.42935819556166105,310.59,317.07
Democratic Republic of the Congo,2018,319.8,28.575782474606925,1.240723892875061,26.84265976522016,30.65712686357211,0.6915423542901508,0.04153147069803218,-0.63514510110894,0.03469617955548573,1689.8462175292752,140.8205181274396,48.34626726054431,199.9381987180161,12,0.39175964407817804,7.432984403029999,0.33056887751906877,816.5753440360522,2855580.238897999,48288.677927653865,-0.4392297385367322,307.62,310.59
Democratic Republic of the Congo,2020,324.2,28.818020701345432,1.4689365185439454,26.28677450708292,31.38020938227483,0.6840338551044671,0.06558811331220064,-0.6258940052626859,0.05570243580017413,1523.308267875429,126.94235565628576,40.541516546982855,178.19074786903428,12,0.43348298124961476,7.329295991300471,0.3601071341045168,830.4783171431739,2320468.07897764,43898.729198164765,-0.4281326893066107,319.8,307.62
Equatorial Guinea,2015,356.28,25.033880109771786,4.460923750698501,13.04199847142858,27.923773312828125,0.6153312393926312,0.07972755930431244,-0.5478087595889307,0.07201763232792202,1731.0744291979547,144.25620243316288,103.19065288235191,336.2290428691361,7,0.3582602232274521,7.457075061177102,0.30620463318535285,626.6951533504274,2996618.679423025,43335.50972163323,-0.3370838429879967,,
Equatorial Guinea,2016,349.86,24.61886768437351,4.637254596501869,13.20393606610033,31.49956727114809,0.5914213271809483,0.1744173376498947,-0.4963958507186463,0.22087235462163765,2188.690637658787,182.3908864715656,104.38411679643731,326.0968206179789,10,0.3580576438179066,7.6915155514892035,0.30605547581877307,606.0886460606903,4790366.707375228,53883.085210548765,-0.2935790928391377,356.28,
Equatorial Guinea,2017,343.26,24.829306626686584,3.3149491309933556,18.12049747674764,28.02495170522052,0.4499835770901168,0.4289775477498874,-0.3281253746998099,0.473541571449824,2144.6359285026642,178.71966070855535,116.13211856241495,418.3023047521712,10,0.37207763301327,7.671191257587934,0.316326111531803,616.4944675620224,4599463.265824485,53249.82307140133,-0.14765102984145537,349.86,356.28
Equatorial Guinea,2018,269.0,26.37109854709064,1.8668892081676738,22.777160089566284,29.787808737168948,0.6327600510919972,0.034721628243394885,-0.5581864639656192,0.0346029264781266,2278.688116073293,189.89067633944106,106.53457879695634,343.3495754759649,12,0.3673346050769443,7.731793921395793,0.3128633010720496,695.434838580366,5192419.530333652,60091.50886705312,-0.35319809545774644,343.26,349.86
Equatorial Guinea,2020,240.8,21.02034677385524,8.400038973097587,-1.4444181627604544,29.60157067097746,0.5698582196022296,0.21858440414171448,-0.3878753047743877,0.37580450900276835,2345.581025034321,195.46508541952676,103.81256143212141,448.0839037590367,12,0.3772929323325669,7.760714664804236,0.3201199293898768,441.85497849312645,5501750.345001057,49304.92653239626,-0.22103393060640475,269.0,343.26
Gabon,2015,172.6,27.715857253210597,3.038066836606794,19.06819995026689,31.71589877505577,0.627948258420798,0.06066481947694848,-0.5677194331489844,0.05468595882803668,1498.9838424966429,124.91532020805357,93.035114413108,284.79744745191675,9,0.0803375800567131,7.313209615363382,0.0772735664215996,768.1687432803465,2246952.560066,41545.62220350607,-0.35649842931754744,,
Gabon,2016,169.11,26.932234266453488,2.885586005314974,19.899032009388915,30.1625797168429,0.6321671697560615,0.05842183485080699,-0.5733038679662169,0.05215424965546156,1837.0572018003963,153.08810015003303,115.04164912036356,311.47248739308367,9,0.08448910971975591,7.5164644241943614,0.08110900948218878,725.3452425831315,3374779.1626867023,49476.054919763796,-0.3624238836224061,172.6,
Gabon,2017,168.87,22.71770014960102,12.27770133095356,-14.021220886621611,29.30996537148708,0.6230417887381982,0.06518482452483232,-0.559601429839823,0.058140744274501166,1899.5058821904697,158.2921568492058,113.74149047744409,381.1250539695191,9,0.0872528627619595,7.549875383499741,0.08365420552222892,516.0939000871822,3608122.5964761944,43152.405064006445,-0.3486550758278566,169.11,172.6
Gabon,2018,248.2,26.927834443958478,2.4555711081343445,21.40595552604665,30.8712560303139,0.6301454828441978,0.03805150893952347,-0.5704060473240086,0.02993141212187303,1904.1020653268793,158.67517211057327,102.35134722752535,318.3513730609547,9,0.0921402191428423,7.552290863724985,0.08813927488785678,725.1082678412366,3625604.6751820873,51273.34517952162,-0.3594387941082377,168.87,169.11
Gabon,2020,215.5,27.678041318893488,2.296471635708869,23.85387626310687,30.79927877877888,0.6541027277693297,0.049588549147676984,-0.5898990193895058,0.04233167207501322,1999.2048903502368,166.6004075291864,113.94440115884461,378.92654561264624,10,0.0985883693065736,7.601004899470052,0.09402605503853213,766.0739712503752,3996820.1936003026,55334.07556004778,-0.3858545576911285,248.2,168.87
Gambia,2015,208.63,31.85239703638295,15.246736317727233,-13.160044787248024,43.505516239784185,0.4040186002083719,0.17566591583781957,-0.4511933983945892,0.11386149964772255,904.6105707389892,75.38421422824909,114.36556286906811,289.7271326513978,4,1.590103809332324,6.808609380016604,0.9516979557315228,1014.5751969633774,818320.2846927197,28814.015062487266,-0.1822905252426402,,
Gambia,2016,124.59,36.174537071744794,7.250927308982749,18.96848806676597,46.553414513765496,0.41978971287083927,0.14303172671410755,-0.45735626491689657,0.08490021152352117,798.9456853935761,66.57880711613134,111.1183895101777,309.74633346679013,3,1.617829325898614,6.684543832105046,0.9623454728104859,1308.5971323550384,638314.2082090111,28901.49031458047,-0.1919934551291435,208.63,
Gambia,2017,56.67,36.42787995339831,7.021407349572577,28.81646020201088,47.426416309117805,0.40650055171289806,0.14696033881383677,-0.45662149163702576,0.08125571534329427,835.271538388315,69.60596153235959,121.01765308677399,386.7948917474259,4,1.7848141872517609,6.728953367031017,1.024181152033773,1326.9904378991985,697678.5428415823,30427.171328899865,-0.18561688827441744,124.59,208.63
Gambia,2018,66.0,35.21279819173922,8.472697044696481,18.22450659288674,47.09392481024361,0.3981525457931168,0.15396355988532132,-0.4495961912032618,0.09315841493130612,728.2101590747459,60.68417992289549,94.80214641187109,252.908943999351,4,1.8555987952109965,6.591961974515945,1.0492815567421,1239.9411564921527,530290.0357796667,25642.31737267334,-0.1790078681064676,56.67,124.59
Gambia,2020,87.3,34.57034425103039,11.622805969747366,4.879145063129822,47.3939985775243,0.4073936401703305,0.17039552631526533,-0.448464289384428,0.10689206491413673,1014.8193849551243,84.56828207959369,127.98208934045692,327.5636863245621,5,1.987011408543852,6.9234508416218805,1.094273358625357,1195.10870163475,1029858.3840806967,35082.65549051758,-0.18270149933872262,66.0,56.67
Ghana,2015,272.4,33.101776490862726,4.598229503007714,24.170594564326684,38.54791667331039,0.48093709218186964,0.10385320591657889,-0.4820181448656202,0.06716520579920247,1004.6609151337356,83.72174292781129,51.713132901829184,152.37578909450193,8,0.865266539814472,6.913400231350039,0.6234039596747489,1095.7276068510323,1009343.554397355,33256.06106186252,-0.23182040497057058,,
Ghana,2016,271.32,34.39524368959504,3.586274131263731,28.651434060879872,40.32326711080784,0.48964329227328657,0.11563326657155844,-0.4898357749102203,0.07556877537668942,1161.660916591765,96.80507638264709,69.36015623498908,237.36563420557889,8,0.8969930333972546,7.058466550756586,0.6402700185145336,1183.0327884666276,1349456.0851368196,39955.6103108521,-0.23984480150027682,272.4,
Ghana,2017,270.69,33.60993991034314,4.204330626365924,24.93193183319151,39.69594670250473,0.4923911403332936,0.11639184905964238,-0.48979285933905237,0.07517098379001623,1112.1543528580694,92.67952940483912,63.23031207273765,225.76930449004007,8,0.9152438888546778,7.014953023473291,0.6498449716276522,1129.6280607768765,1236887.304581151,37379.44097058627,-0.24116966453706049,271.32,272.4
Ghana,2018,224.3,33.34601910777945,3.1344068716036895,27.72102545624021,38.84393049060311,0.5028130278693372,0.10524377172159932,-0.49743990105397157,0.06145268636993146,1205.601706801094,100.46680890009117,72.11291294939417,220.2173990043079,8,0.9538007894388357,7.095563180559858,0.6697765982896666,1111.956990336392,1453475.475441711,40202.0175513608,-0.25011926283197095,270.69,271.32
Ghana,2020,162.8,35.060359505985495,3.5489694971507504,29.62602012933349,40.79677880493043,0.5156143786386337,0.10680460540063622,-0.5164286202198708,0.06643073665063208,1115.8565740402514,92.98804783668761,67.79728670069206,183.8399690976098,8,1.012937574732373,7.018273387996071,0.6995951351148905,1229.2288086889475,1245135.893828847,39122.33264296853,-0.2662780221258756,224.3,270.69
Guinea,2015,347.77,31.98594335589328,5.445162754111498,25.55984012421801,40.9359510145799,0.5745439867278656,0.11982648670105872,-0.5644698977494685,0.06735726582808044,1787.9213946649372,148.99344955541144,164.24103811877936,461.4876658363375,6,0.3662737043230439,7.489368144401956,0.3120871102743293,1023.1005723664134,3196662.913500614,57188.35245454239,-0.3243127854408503,,
Guinea,2016,338.65,32.52462108214967,5.13205262181757,26.32298719378605,42.39548910371484,0.5815137402185276,0.1097688306153134,-0.570904754342498,0.060057910886898457,1767.975322449352,147.33127687077933,160.05336418104014,398.1747512537779,7,0.37663425927301325,7.478155744062117,0.31964157754809885,1057.850976537415,3125736.7407898903,57502.72744525656,-0.3319889590062457,347.77,
Guinea,2017,336.72,31.926003554749013,5.258178192487714,22.12724300129712,40.93970920456074,0.5655375008316451,0.11092474921687535,-0.5587214562501506,0.06183635099547751,1674.0424269659409,139.50353558049508,145.76603188763244,426.3575302912145,6,0.385725311114644,7.423593773470285,0.3262236928968566,1019.2697029778466,2802418.0472820173,53445.48447411529,-0.3159779360287275,338.65,347.77
Guinea,2018,283.9,32.493486651955585,5.570885661561327,21.96651035080427,41.618426314624735,0.5672348518662507,0.12238756794385924,-0.5636308786135295,0.07202978063827517,1770.7912293276106,147.5659357773009,160.00598050617504,447.1542933485764,6,0.3959612520388021,7.479746307817588,0.333583247535768,1055.826674800816,3135701.5778635903,57539.18117355674,-0.31971107793759007,336.72,338.65
Guinea,2020,319.5,33.48878312318576,4.63065907773202,26.04729019349557,42.03243696978464,0.5840048743279356,0.11969542375027062,-0.577100785087279,0.06867743528062217,1690.9613735136709,140.9134477928059,154.05081651096714,419.6639717780636,7,0.4158595604680568,7.433643711012956,0.34773680989240907,1121.4985950717714,2859350.3667152403,56628.238707283635,-0.33702967146944934,283.9,336.72
Kenya,2015,73.15,40.79656311394823,2.196977204967285,37.891533581673045,44.37121082147386,0.3172435600145289,0.0644672080656758,-0.4165496106319532,0.03408074428100631,670.4004893251288,55.86670744376073,53.13149296627687,166.40105900656906,5,0.6892809501109531,6.509365813358789,0.5243029650884039,1664.3595619103614,449436.8160873721,27350.035874374393,-0.13214768139954672,,
Kenya,2016,71.23,40.50150411593268,2.6247906928405693,36.59661185573152,44.72565985879781,0.3182278746515936,0.04559430775608918,-0.41381281204651504,0.028678604548965425,534.8552904651826,44.571274205431884,41.61764926533714,151.05898072396366,3,0.7094321378960732,6.283864144144107,0.5361612322610534,1640.371835652912,286070.1817385949,21662.443748203965,-0.13168677168116183,73.15,
Kenya,2017,70.83,41.496124601870626,2.8213274939024258,36.754155426684775,46.43056794490122,0.29097135118154477,0.04276315857073403,-0.4031382840097643,0.02637414778498715,544.6781773171898,45.389848109765815,30.164011716085835,104.942717280449,4,0.7321120623512615,6.302029383136351,0.5493415091738102,1721.9283569739725,296674.31684557605,22602.033513873892,-0.11730169121133047,71.23,73.15
Kenya,2018,70.1,38.73232693714801,3.1583709181493096,32.663699181869426,43.13667293669428,0.35213450111555183,0.07529563346187078,-0.43761649614178705,0.03797281469495247,884.020608836749,73.66838406972909,69.28537358230545,239.2753066386967,7,0.7561282200171996,6.785610931557981,0.5631115107802529,1500.1931499661214,781492.4368480964,34240.1752406416,-0.154099866548824,70.83,71.23
Kenya,2020,50.9,38.77666834241071,1.7928611323730996,36.53577139497831,43.02997397338733,0.3960196197113903,0.05644876309413234,-0.45721883076885356,0.03561267390266137,845.1198322531367,70.42665268776139,53.82357406100533,215.7604472845984,6,0.8061231158083274,6.740660995264706,0.5911826231077997,1503.6300077373169,714227.5308675698,32770.931444873655,-0.1810676274859679,70.1,70.83
Liberia,2015,200.85,26.6570274283351,2.6960610881388383,20.35015854158113,31.15815092105453,0.6426186063979231,0.060360545470339,-0.5745474880438938,0.05168700052451547,2133.3333057822124,177.77777548185102,103.75254663069282,296.4971099136231,10,0.2705272166848096,7.665909607942155,0.23943194557524466,710.5971113150098,4551110.993559662,56868.32444601722,-0.3692149060761944,,
Liberia,2016,194.75,27.381961800678198,4.150242945433783,15.276468139397489,32.16426138412028,0.6233752401984277,0.075973169599051,-0.5529463537904075,0.06909612355225654,2463.446737512476,205.28722812603965,137.54907725307237,445.0591452048439,10,0.2796862102763832,7.809722614028133,0.24661489965621305,749.7718320538,6068569.828560862,67454.00446457195,-0.34469306611094,200.85,
Liberia,2017,192.59,25.855030491685202,2.728503453220332,19.8056816532929,28.75628313925642,0.6349718726045294,0.02922992871708965,-0.5656317904652418,0.02800934246390914,2540.7219607287266,211.72683006072722,137.81958238081896,451.0507139939642,10,0.2858005275217001,7.840597067611676,0.2513815029926696,668.4826017259716,6455268.081729225,65690.44376553544,-0.3591602771963674,194.75,200.85
Liberia,2018,361.5,27.824788764246403,1.6581127206270057,24.989384875959047,30.097752960672853,0.6298422860392673,0.06509911208044966,-0.5622571086394575,0.06771624862912659,2540.1039619478593,211.67533016232161,134.48321272330602,423.258990755671,10,0.2983004633944489,7.840353896276157,0.26105607330802216,774.2188697749328,6452128.137503211,70677.85618042457,-0.3541333026473046,192.59,194.75
Liberia,2020,358.0,28.04144135291647,1.7264065979590741,24.719720999018687,30.368825648778063,0.6749916659612759,0.05568258268573187,-0.6053989751999489,0.04791644282881137,2414.8945365889144,201.24121138240955,118.72101245793738,387.05134360978286,10,0.3033299866820808,7.7898249060278015,0.26492251756275864,786.3224331490537,5831715.622846988,67717.12352123644,-0.4086392628414627,361.5,192.59
Madagascar,2015,117.2,32.93343469907565,4.655508765599693,26.730927908525903,40.216796426010426,0.4864229157586615,0.08303901658463386,-0.5371392275571136,0.0508867650537232,1567.7210668450457,130.64342223708715,149.69863872141886,447.1202546503365,5,0.35338443488397714,7.358015959264622,0.3026084439991351,1084.61112107828,2457749.3434297685,51630.43938130652,-0.2612768292366864,,
Madagascar,2016,67.97,33.98338823721223,4.3558090011889306,27.640603484223583,40.86131480437304,0.4674841146036343,0.0902852452321712,-0.5271833363238739,0.05536509441512421,1243.8985147910016,103.6582095659168,106.68021172417426,282.7312582146346,5,0.36545092315018807,7.126809291352248,0.31148472071466327,1154.8706760810946,1547283.5150992596,42271.88615583429,-0.24644983521515618,117.2,
Madagascar,2017,90.9,34.216544752916654,4.365252083656957,28.21122906878617,42.88613720459777,0.46768116619504063,0.09182683914288546,-0.5283850584581679,0.056370323177854655,1433.4748589897222,119.45623824914351,106.28221807627293,328.281690942339,6,0.37773325460275603,7.268554109293437,0.3204395795449472,1170.7719348283483,2054850.171355604,49048.556664802716,-0.24711574033975067,67.97,117.2
Madagascar,2018,82.4,33.87554803750726,4.334678902297331,28.056872614237843,40.836714884892565,0.47214731663330567,0.07630200869476172,-0.531182023510949,0.046766582185481326,1496.2050009025045,124.6837500752087,122.21257421958065,374.0058439548451,6,0.39097709389667684,7.311355316194683,0.3300064454417179,1147.5527548414618,2238629.4047256634,50684.76438203138,-0.25079616704454405,90.9,67.97
Madagascar,2020,133.5,34.71702630674983,4.9953756812835035,28.36265564636033,44.58258386068628,0.45090683082889016,0.08184949047647938,-0.5186963232995129,0.05036526333772204,1244.8503307885646,103.73752756571372,103.32858146470738,343.6444632545382,6,0.4200581441953492,7.127573572380087,0.35069781739132266,1205.2719155835598,1549652.3460643988,43217.501681952825,-0.23388371530158078,82.4,90.9
Malawi,2015,233.45,33.01170039335741,5.214180444781812,28.76791206581484,43.94728962117029,0.4541082196177098,0.1323037720416426,-0.4255762113272746,0.09166844065938735,940.9538621127548,78.41282184272957,88.74639304669402,260.64582055553194,5,1.3612029281516602,6.8479562947279895,0.8591712044952919,1089.7723628607937,885394.1706249091,31062.4869800388,-0.19325765563747888,,
Malawi,2016,233.45,33.50929297518649,5.261997099353863,28.2511110501143,42.35677174957121,0.43853868831507453,0.14271831525441162,-0.40344022886089476,0.10700110547325231,907.5928533141655,75.63273777618046,81.43254547454846,219.45269316243096,5,1.4014838164677916,6.811897087692526,0.8760868031734443,1122.8727156968826,823724.7873869484,30412.794823889828,-0.17692414877819027,233.45,
Malawi,2017,231.1,32.031423394648144,5.244781514942666,27.328753028654194,42.58770476111165,0.4573901391948103,0.1243267212909346,-0.43835709615066043,0.08671808578129038,1187.6893481696623,98.97411234747186,104.28908757116545,278.7583014377323,6,1.437668139873734,7.080606591039272,0.8910419019718417,1026.0120846872123,1410605.9877556772,38043.38037253612,-0.20050021322538342,233.45,233.45
Malawi,2018,213.6,32.085677372368885,4.730881354926388,27.68098177550108,40.58138733823409,0.4575479361376371,0.12705668673617004,-0.4183966299263426,0.08953506664811209,1092.094118694896,91.00784322457467,96.36440959971092,260.5215342136133,6,1.484074177268493,6.996767594894588,0.909900025649724,1029.4906924437446,1192669.5640879816,35040.57955270596,-0.19143651450974078,231.1,233.45
Malawi,2020,228.5,30.959549541590096,7.689908534370408,14.116802430848695,44.966286066124624,0.4398742176303048,0.12765165166558515,-0.41183925222404794,0.09908662539720535,995.357816121517,82.94648467679308,101.73502591719351,287.4734797286034,5,1.5778421894417651,6.904106446202696,0.9469526883073113,958.4937078181715,990737.1821141955,30815.82961982303,-0.18115746886150286,213.6,231.1
Mali,2015,391.18,40.11660599866328,6.013490192069268,29.40207985374683,49.52506536401252,0.17357963492500386,0.038604761073249144,-0.329684802859572,0.021852712415253012,343.1254266576171,28.593785554801425,41.8579935143879,123.65314423929703,3,0.1150254060674003,5.841006203295253,0.10887719036316464,1609.3420768519868,117735.05841897176,13765.02754934686,-0.05722656772068638,,
Mali,2016,383.59,40.83080213722007,5.613486847761634,31.455046059843934,48.978384446454704,0.17767288983125326,0.03676450960759932,-0.3332429803895408,0.02204935978271139,316.73404445524534,26.39450370460378,37.298939192155835,105.9844534464086,3,0.11981930804195022,5.761214694663222,0.11316734018617758,1667.154403168815,100320.45491697732,12932.505099273587,-0.059208243341789375,391.18,
Mali,2017,386.16,40.70831101665253,5.5337873412409175,31.449006037514668,47.30160751752182,0.17344944237352375,0.03195996751535849,-0.3306835079292482,0.01905118159368746,300.29676536113845,25.024730446761538,35.69483749651623,100.59374163368328,3,0.1244771985695526,5.708095710470061,0.11731821526149987,1657.1665858285137,90178.14728636264,12224.574121615953,-0.05735687005244882,383.59,391.18
Mali,2018,386.8,40.16151839215778,5.497058880471425,31.1812721168381,48.95211678162189,0.1754752637050301,0.03847104444169357,-0.3315053650787792,0.022140569810157735,359.647960133175,29.970663344431248,45.08159565530268,142.44981732936083,3,0.1295908194926202,5.887902302849325,0.12185546050410863,1612.9475595636277,129346.65522795383,14444.008165590536,-0.05817099135683106,386.16,383.59
Mozambique,2015,339.02,34.33973151812123,6.902619230822325,27.731665432976826,46.22038822290106,0.5289008446728437,0.12953807597726705,-0.5437288663153815,0.0762491008102433,847.3553345533271,70.6129445461106,79.6865188967922,236.84021170199773,4,0.2585047536599414,6.74329957462068,0.2299243128288025,1179.2171607366488,718011.062995981,29097.95468900905,-0.287578656667213,,
Mozambique,2016,338.3,35.50798625202284,6.7302802160546396,27.785928766469645,47.51795825341683,0.5140063331887023,0.122759246003289,-0.5372296213469441,0.07189195433589807,904.2306081471747,75.35255067893122,74.63492878127683,197.71428971680533,6,0.2671616412824992,6.8081897268721745,0.23677947116729173,1260.817087673843,817632.9927102095,32107.408002748132,-0.2761394277488977,339.02,
Mozambique,2017,337.92,33.493920038972554,6.270656602727471,26.86299821314212,45.05012258563777,0.5594434919962143,0.1218302690848524,-0.5642318691379876,0.07037021070480348,1130.0376762583894,94.16980635486578,96.76703208441677,270.848288765723,6,0.277133051990529,7.030890787902912,0.24461776268830052,1121.8426795770872,1276985.1497634605,37849.39156962485,-0.31565584716610684,338.3,339.02
Mozambique,2018,305.4,34.148101945194846,6.306442104359058,27.17885086895997,45.00373479187187,0.551351096036847,0.12326611686146913,-0.5568055889874773,0.07222793609562018,978.1180410683302,81.50983675569418,81.39351258195572,250.96004827883425,6,0.2863655119700667,6.886652208365661,0.2518208093584162,1166.09286645942,956714.9022633476,33400.87458083562,-0.30699537176768776,337.92,338.3
Mozambique,2020,320.2,34.916643394950476,6.728990601842521,27.73145264308676,47.63095044076993,0.521265040522561,0.12061618301019035,-0.5382907842103156,0.07415994115645864,842.5796125498655,70.21496771248879,86.11494076670081,267.0166064029854,4,0.3068490990420607,6.737654281112333,0.2676189720025911,1219.1719859701386,709940.4034846814,29420.051863259192,-0.28059216744431126,305.4,337.92
Niger,2015,371.78,40.909317504958956,7.3786914225958595,27.78745241181268,50.37528279447501,0.12157618972693873,0.0175226849030678,-0.29199499119172967,0.012103306551779837,142.96788629758277,11.913990524798564,19.689876150813667,62.09837039870326,1,0.1274330234902233,4.969590262882824,0.11994338796086292,1673.5722587215412,20439.816512398553,5848.718653560684,-0.03549963844844153,,
Niger,2016,360.75,41.22200930401087,6.570523183478493,28.360066625714108,48.01490580094455,0.1228562354916184,0.017048733734794982,-0.2914859178871921,0.013305560267873965,142.52112660594076,11.876760550495064,17.522172319802383,48.69524492725296,0,0.1326983078429436,4.966482248098104,0.12460266930882467,1699.2540510599586,20312.271529026595,5875.007206968201,-0.03581086257043942,371.78,
Niger,2017,358.65,40.24583797846707,6.444044229806122,29.24889463235023,47.30750047848026,0.1240804066700647,0.01694786927106849,-0.2933432138588694,0.011982689578204897,132.4140519231818,11.034504326931817,16.72346842445948,48.496309150537314,0,0.1383531333093285,4.893457464689483,0.12958259803294395,1619.7274745890227,17533.481146715087,5329.114479772701,-0.03639814526951227,360.75,371.78
Niger,2018,356.6,40.704530205333036,6.16820848735942,28.882870397217378,47.27436609425923,0.12579149092368666,0.019255126354300853,-0.2948887593186829,0.012113120125360415,170.9062918159709,14.24219098466424,21.638433710645074,69.5125074772301,1,0.144439676080838,5.1469495133243965,0.1349151513593841,1656.8587792368694,29208.9605822858,6956.660317504649,-0.03709449669133332,358.65,360.75
Niger,2020,324.1,41.01827890246415,6.616412392970681,27.841015558526504,48.6907417948332,0.12803909842058842,0.020697405648170533,-0.2968389301094931,0.014289564742441072,182.67768632869044,15.22314052739087,24.17198347017483,74.61456283135071,1,0.1570508868590176,5.213182516844826,0.14587442897213107,1682.4992041203352,33371.13708240342,7493.1242870870865,-0.03800698898735155,356.6,358.65
Nigeria,2015,290.86,36.469999862577204,4.279360960760694,29.05193025842924,43.24472932776882,0.3765139355479943,0.10682723915285484,-0.44000757554320485,0.06931124442266831,1115.6658522620783,92.97215435517319,93.41279035933822,283.2507694910683,6,1.7637888031920583,7.018102606833194,1.016602493142359,1330.0608899763813,1244710.2939036693,40688.33347868007,-0.16566898393870347,,
Nigeria,2016,281.5,35.44283370992955,4.668764363608917,25.00399031305556,42.80363502006147,0.3952076714167787,0.10649002710840288,-0.45059333729291046,0.06826793827012446,1208.866331277692,100.73886093980768,92.78538508437254,245.18002626539004,7,1.8218078701349907,7.0982651624700885,1.0373777682407985,1256.1944613897185,1461357.806896787,42845.64835700785,-0.1780779435874463,290.86,
Nigeria,2017,281.15,35.654892638638806,5.734644629198023,22.89111912179044,44.77002716731657,0.389373218698146,0.10332989988469844,-0.4461770436433097,0.06430089057923136,1129.4329503388565,94.11941252823804,94.71884576614751,250.6340095706856,6,1.8788489774131125,7.030355980219067,1.0573905536418162,1271.2713690728597,1275618.7893111338,40269.810586873005,-0.17372939159261866,281.5,290.86
Nigeria,2018,291.9,35.11663136732711,4.291401395472087,28.41556622637489,43.57485743029515,0.3904814078548127,0.10637676019378228,-0.44784372197389777,0.06575191546979406,1311.7601652891312,109.3133471074276,100.55757150714147,278.61727152596137,7,1.940986864468793,7.17988719599523,1.0787451932132925,1233.1777985887422,1720714.731239369,46064.5981668025,-0.17487464705530692,281.15,281.5
Nigeria,2020,313.8,35.43764774375238,4.262620300777597,26.865487668150497,42.287316521519614,0.39542272251301896,0.10163871252466836,-0.4524061335780885,0.061867627433819156,1213.319990690578,101.10999922421483,98.39462882720446,253.2450854236743,7,2.067170299622844,7.1019395206522375,1.1207554100408044,1255.826877610278,1472145.399809384,42997.206430545615,-0.1788916650210363,291.9,281.15
Rwanda,2015,326.71,29.016829856332816,2.307552427382409,25.93583393097712,34.2868401380362,0.5552762207407685,0.07248127650663769,-0.5427999187845225,0.044582454350531896,1080.570867699248,90.04757230827067,58.4092228290268,182.72175907849305,8,4.59849617651417,6.986169770476301,1.7224980217696222,841.9764149113674,1167633.4001203058,31354.741015739,-0.3014038875210657,,
Rwanda,2016,554.51,28.829352826499747,4.781807800159054,18.26137170350937,36.08462606877911,0.542895468154771,0.09489316662364976,-0.5306703338295641,0.05970961336256083,1126.131856606806,93.84432138390049,66.00700220642388,195.74615337062565,9,4.763910541438212,7.02743150507255,1.7516161577944576,831.1315843948089,1268172.9584646919,32465.65262327883,-0.28809851932024977,326.71,
Rwanda,2017,505.57,28.7841624631953,4.548501076221792,20.62830047636253,36.073182436828255,0.5166616252625643,0.07381679211409552,-0.5115099486619887,0.041975941712871966,1053.146473400924,87.76220611674366,49.75454116520573,151.53638000644833,9,4.921418139757369,6.960486688517086,1.7785759708429332,828.5280087076213,1109117.494436803,30313.939187913384,-0.2642775614136739,554.51,326.71
Rwanda,2018,486.5,27.579562460622345,3.589129077133275,20.575884755778084,33.05167335492915,0.5558875813831209,0.06380671043007503,-0.5408169397057657,0.038998179793176053,1357.5254607085951,113.12712172571626,82.71624540322823,283.60119879542617,9,5.058527252510921,7.21415517047112,1.8014667429067592,760.6322655193693,1842875.3764720834,37439.95823549783,-0.30063342058405923,505.57,554.51
Rwanda,2020,230.5,28.231040915129565,3.1236590167315286,23.83662558656396,33.336104824961545,0.565986906764069,0.0892151319776374,-0.5417784840940999,0.05779651996277261,1245.7158067204289,103.80965056003573,67.91775448326842,216.5219810461748,9,5.4780729617143855,7.128268018119057,1.86842308368577,796.9916711517195,1551807.871113129,35167.85390814806,-0.306639528363746,486.5,505.57
Senegal,2015,78.55,37.61284136898704,6.431360128360144,25.500892427972595,46.85709534732252,0.3117604321463548,0.12725234204525676,-0.4067106224409233,0.07849614034850251,721.8221868690995,60.15184890575829,94.85838990065193,264.0023449552172,4,0.5559989472125054,6.583163253970682,0.44211774915732405,1414.725835848583,521027.2694564892,27149.78341132276,-0.12679627941069518,,
Senegal,2016,54.28,40.08616507371688,5.2847515564301135,33.316961414673344,48.59843226341607,0.3377044523908978,0.12319851514125157,-0.42984377099028065,0.07151893955149065,623.7668846173372,51.98057371811143,80.80714726281057,204.13435440780108,3,0.5783517823151091,6.437378595548079,0.4563811268024255,1606.900630317279,389085.1263452184,25004.422304288684,-0.1451601552959112,78.55,
Senegal,2017,64.62,39.211375312442705,5.693444699831965,32.329399934865464,49.45634148131415,0.32131459891925596,0.11445898504177006,-0.41630454338037154,0.06530985372423917,636.2480945808356,53.02067454840297,81.99202720838737,262.02045309285535,4,0.5865432236526561,6.457159053186373,0.46155757632971073,1537.5319538932413,404811.63785774395,24948.16282843569,-0.13376472738452808,54.28,78.55
Senegal,2018,55.8,39.05021975431094,6.5070744999896135,25.964557140224784,49.4123645924214,0.3149455877607978,0.11408278648016847,-0.41247961446124054,0.06547909098070229,600.7764553515048,50.0647046126254,75.16580565856245,194.5889532514816,3,0.5996910481227941,6.399886039720896,0.4698105156772569,1524.9196628599761,360932.3493047186,23460.452604692233,-0.12990863461584268,64.62,54.28
Senegal,2020,49.9,39.13429840097715,7.516327059326031,28.045803857916923,51.14895485460816,0.3274074619693934,0.1342116202124421,-0.4205826692040917,0.08108897145324404,770.2592688337829,64.18827240281524,96.02226112179808,261.5225347036739,4,0.6437425358542,6.648024593084217,0.4969756760084261,1531.4933113367229,593299.3412243539,30143.55607265974,-0.13770190427242462,55.8,64.62
Sierra Leone,2015,376.88,27.013922999238996,7.5291129952810465,8.493738636096806,34.49447971877244,0.5668711761700808,0.11034953378734047,-0.5145743119510813,0.10467301399135227,2359.4917383478814,196.62431152899012,191.2619120915343,487.4476887694027,8,0.5741763550248876,7.766625240021683,0.45373218630143086,729.7520358088136,5567201.263331908,63739.128137070235,-0.2916973454426195,,
Sierra Leone,2016,378.04,29.571621828226608,4.032495199420236,25.08368466603847,38.482641032502045,0.6126923464185808,0.06447519902016087,-0.561800689554758,0.04771644354717614,2710.2541322241777,225.85451101868148,224.3122105954594,578.1911038370567,8,0.575991807922912,7.905166586242893,0.4548847934037208,874.4808175516483,7345477.461238231,80146.61025652186,-0.3442109827028814,376.88,
Sierra Leone,2017,379.71,29.475772641597995,2.653941871916557,24.27190818873834,33.74297191235701,0.623964635949151,0.060135206453627105,-0.5683400065422203,0.04554015044589762,2684.963100235649,223.74692501963742,210.19487514256565,625.9370658775957,9,0.5889961566846232,7.895794639176327,0.4631024688509762,868.8211728191768,7209026.849627028,79141.36189362608,-0.35462406527745455,378.04,376.88
Sierra Leone,2018,320.4,30.0051794238441,2.9290939619365766,25.772597203120444,35.34228412182667,0.6227553157728538,0.07378045514372919,-0.5726276234994329,0.048453409293736815,2400.6372606313093,200.0531050526091,190.04512649605914,507.7002458379972,7,0.5987796069660227,7.783905975678608,0.46924059256103773,900.3107922570774,5763059.257131397,72031.55173680803,-0.35660689649264815,379.71,378.04
Sierra Leone,2020,328.2,30.113510035275443,3.946067765499394,21.34029345083096,37.447433452645136,0.6348569014267458,0.06051781523959378,-0.5790405214627828,0.044321364845518005,2416.7094666872595,201.39245555727163,172.0121411473705,487.3264805208764,9,0.6277757487203546,7.790575869566564,0.48721451160616136,906.8234866446348,5840484.646375818,72775.60477743194,-0.3676078712563894,320.4,379.71
South Sudan,2015,151.95,36.696479451958915,3.7710290650303087,31.133573440152464,43.09169469848725,0.5242978502776483,0.1329105437644053,-0.5315702569417674,0.0801927379082613,998.1842866181704,83.18202388484754,65.16838042056031,162.94716834564056,7,0.1577141747881147,6.906939232725114,0.14644752207625722,1346.631604168043,996371.8700514258,36629.84916315196,-0.2787011429861058,,
South Sudan,2016,142.2,37.23644826424434,4.467076045128955,31.5842045239826,45.70256139539633,0.511676530375161,0.15968253557512924,-0.523549122483182,0.09619021254732102,983.3692857957535,81.94744048297946,64.45477421487108,182.0689365276722,7,0.1680281146847412,6.892001117091248,0.15531695490806893,1386.5530793357452,967015.1522464503,36617.17953518048,-0.26788779847315475,151.95,
South Sudan,2017,141.68,37.88375900171131,4.862904842766507,31.66119422728442,44.669861981889525,0.5068642882180814,0.1648491287268341,-0.5196667249837973,0.09990188220941178,999.6085771519112,83.30071476265927,72.35909499753204,190.0296354304409,7,0.17930758109548708,6.908363671026071,0.16492747056381676,1435.1791960997427,999217.3075156683,37868.93043286655,-0.26340050466953385,142.2,151.95
South Sudan,2018,235.9,37.22321917813547,4.032297706761029,31.546380685693435,42.80309364364903,0.5056215405255432,0.15241955414795497,-0.5219172806766433,0.0906599785546653,1045.8113190907561,87.15094325756301,69.13224464256517,190.31056912440025,8,0.19205035894030761,6.953503983637993,0.17567481518390432,1385.5680459835125,1093721.3151383472,38928.46394949019,-0.2638926194826267,141.68,142.2
South Sudan,2020,286.9,35.28387173257683,5.693228331282086,25.35028860164295,44.10714170612184,0.5401397813110952,0.13647085143757712,-0.5445360296849839,0.07686478189620617,1025.3478784434064,85.44565653695054,68.79618904583221,181.96873387105745,7,0.2230416811893202,6.933762031072248,0.20134093722757485,1244.951604440934,1051338.2718283946,36178.24302426693,-0.2941255719900593,235.9,141.68
Togo,2015,377.65,34.33850873704994,4.2537460365093045,26.252805451655863,42.96174217003298,0.4970116657553088,0.11460261872821548,-0.5009199255999555,0.06566548744752804,1058.7612864031087,88.23010720025906,66.57724444907564,200.70393965937905,8,1.4211694896568705,6.965798960237945,0.8842506836247861,1179.1331822844552,1120975.4615859655,36356.28368360338,-0.24896304663245922,,
Togo,2016,376.39,35.030055300218635,6.209907159911633,24.447360439132595,46.11581868103893,0.4756098031698313,0.12564238012782816,-0.4862482214698796,0.08434680441963525,1290.8174901643542,107.56812418036286,84.35954017166492,251.61420080308133,8,1.498359511981027,7.163805412881506,0.9156343212762601,1227.1047743363756,1666209.7929142027,45217.40806294675,-0.23126442090497,377.65,
Togo,2017,370.86,34.29447793362834,4.869590612783033,27.201940505584272,43.54058993863375,0.49586947981884827,0.11521661106528287,-0.49848735165786295,0.07496626395394246,1141.9596784309515,95.16330653591262,85.63353300186162,232.68424996673548,7,1.5569960419378226,7.041376386209267,0.9388331483758307,1176.1112167401213,1304071.9071621222,39162.91099304359,-0.2471846637628598,376.39,377.65
Togo,2018,267.3,33.139922993525865,5.295073685959056,23.6622220840976,40.94641271845854,0.49436345660908326,0.11119307320058812,-0.49910819096307885,0.06673016682921913,1278.0490305517271,106.5040858793106,86.0027752140609,239.52727080410816,8,1.6681948734561285,7.1538721359118815,0.9814021664115469,1098.2544960168243,1633409.3244942096,42354.44645443462,-0.24674085050641406,370.86,376.39
Togo,2020,228.9,34.9066076487022,4.5318875880344365,27.529711953330747,41.01119735739847,0.4875480989908092,0.12624833918766895,-0.5020703790590776,0.08320687244420683,1230.8491444679978,102.57076203899982,89.72159540698969,242.93348811481508,8,1.8004038016658812,7.116271688924058,1.029763621663864,1218.4712575404349,1514989.616437602,42964.76816068517,-0.24478345886984826,267.3,370.86
Uganda,2015,203.83,32.16684010737496,3.6203012726156114,28.578703439932653,41.02526675792742,0.524332413123857,0.09638444351899349,-0.4829023025054697,0.0597233244283453,1300.5193330876273,108.3766110906356,60.899708374325826,199.542980673802,10,1.5227551613151853,7.171287578790392,0.9253516222687167,1034.7056024934263,1691350.5357346868,41833.59744397963,-0.25320132957575975,,
Uganda,2016,203.09,32.16275615972497,3.032329974105336,28.977166908941506,37.7261353167867,0.5168754648584782,0.06417709114335624,-0.47985003948201,0.043324817466841,1130.2335337466986,94.18612781222488,59.518435155557334,245.9912202598761,9,1.5708772889777602,7.031063939104176,0.9442471982367806,1034.4428837899266,1277427.8408055499,36351.42554943935,-0.24802271221962305,203.83,
Uganda,2017,200.66,32.851632726328766,4.511181543974446,26.379853087139857,41.80930483290832,0.49984991708368126,0.08569169546204508,-0.4663102191451423,0.055515711884747604,1228.5673013910668,102.38060844925558,43.942756045776086,146.8984266323781,10,1.6224663413211673,7.114417598987792,0.9641152266287034,1079.2297727855953,1509377.6140473285,40360.44176487619,-0.2330851243749726,203.09,203.83
Uganda,2018,289.2,31.450326166965237,2.2794842699904447,28.195029864365104,34.71059404528367,0.5218192592315382,0.08389726346235288,-0.4836657530376424,0.05111062818496967,1388.6557931365587,115.72131609471323,59.64803502939764,227.4733081228701,10,1.671748701088614,7.236811364622151,0.9827332022577332,989.1230160084983,1928364.911811725,43673.677627790574,-0.25238610496576663,200.66,203.09
Uganda,2020,283.8,30.631635262343064,1.4563543331997275,28.365438999937744,33.64648421846341,0.5758395224551147,0.03374692470771552,-0.5177210681324877,0.03366462840170148,1507.1184431827887,125.59320359856572,49.59863894946282,187.15539362343736,11,1.779538721712437,7.318618088708205,1.0222849864934953,938.2970788452191,2271406.0017817128,46165.50244872549,-0.2981242526383637,289.2,200.66
United Republic of Tanzania,2015,112.94,34.15308884456598,4.221608519434407,29.408512053127968,43.77199461167626,0.46441405935617985,0.10139346809605816,-0.4814339795626601,0.050271190121239,992.1387746772875,82.67823122310729,68.384227409982,202.0271689189633,7,0.4385623891567243,6.900870407228562,0.3636442740503581,1166.433477624817,984339.3482181495,33884.603717692225,-0.2235847087606951,,
United Republic of Tanzania,2016,113.68,34.5289988467659,4.762254952500679,27.729989225323347,42.39227059056402,0.47272676826647797,0.10826492184324842,-0.4924215524424989,0.05669400432701986,1011.0665552012713,84.25554626677261,90.18907830098955,265.2909894618575,6,0.4512129519155661,6.919749613694083,0.3723997253082891,1192.251761359961,1022255.5790465653,34911.11591854827,-0.23278084911090452,112.94,
United Republic of Tanzania,2017,113.86,34.786947680932194,3.8243108074049927,29.430680590353216,42.68137872247887,0.4557234237719096,0.0862547612038379,-0.4767606406673071,0.04086811327662949,1002.7254908822163,83.56045757351802,63.221449462436546,167.35637268806838,7,0.464730357218331,6.911473847410894,0.3816711690222945,1210.1317289559138,1005458.4100649816,34881.75918965671,-0.21727099148459433,113.68,112.94
United Republic of Tanzania,2018,124.3,32.92773228293279,4.093343613528259,27.55357236336465,39.657072954770136,0.48666231962839546,0.10316474233723395,-0.49578056768510587,0.05569104460708556,1188.0278649018921,99.00232207515768,97.21240686038132,258.2477142325054,7,0.4779532835649592,7.080891331993879,0.3906582141543186,1084.2355532964941,1411410.2077833484,39119.063480153745,-0.24127772109631634,113.86,113.68
United Republic of Tanzania,2020,120.2,32.43991537215707,4.12652212702463,28.19350751946892,40.48197117265109,0.5147180552654936,0.10394047418291334,-0.508973592940845,0.05397544095436522,1305.6591191350087,108.80492659458406,105.38989096487458,302.891117462628,6,0.5068751498012696,7.17522886792753,0.4100380693651688,1052.3481093527123,1704745.735380407,42355.47132962482,-0.2619778979400027,124.3,113.86
Zambia,2015,207.89,33.16019280907951,6.064602785097455,27.14476910186564,44.30683322108733,0.5284979362583289,0.12175643982299528,-0.5456989657067651,0.07076333376491813,884.0115458650091,73.6676288220841,80.4976390095449,221.25217601295628,6,0.1763001919394586,6.78560069109798,0.16237408215644505,1099.5983871353285,781476.4132226431,29313.99330633614,-0.28840077719432994,,
Zambia,2016,204.19,33.78850883122402,6.547977727142386,27.356007936730165,45.949004736263085,0.5281457018598988,0.12675919488092963,-0.5504582340253671,0.07202282232737515,947.4079236350792,78.95066030292327,94.979640545498,222.71865305246163,5,0.1827927247998764,6.854784708895995,0.16787835814862173,1141.6633290377038,897581.7737665321,32011.50099451549,-0.29072215035388793,207.89,
Zambia,2017,203.32,31.265314955889547,5.913610870161117,25.511886521937143,43.25970865125461,0.5469905404962099,0.11753476461726113,-0.5550691879455018,0.0657062494832682,1182.524298982166,98.54369158184717,113.56460844304956,304.0698034416849,6,0.1900597832988491,7.076251960202643,0.17400354392780837,977.5199192909706,1398363.7176832634,36971.99465066992,-0.3036175951271023,204.19,207.89
Zambia,2018,156.7,32.54542813726541,6.502970620406875,25.32054040880964,42.822304074289264,0.5364431440645113,0.11413788204971297,-0.5526074664101092,0.06421589241476044,959.3284830844552,79.94404025703794,96.84709627879683,277.17126921933374,6,0.1968989005130354,6.86727539581476,0.17973396228454708,1059.204892637907,920311.1384571219,31221.756206256974,-0.2964424867145628,203.32,204.19
Zambia,2020,189.9,31.331234500877155,6.038422281045933,26.24379003418968,44.61435279091744,0.524951842350092,0.11185729879725861,-0.5418054742502579,0.06249509490933741,1062.6851334380156,88.55709445316796,107.20169464927551,250.45735423482907,5,0.21288789958474577,6.96949469888658,0.19300420985020617,981.6462553489549,1129299.6928301728,33295.237116342396,-0.2844217819030382,156.7,203.32
Zimbabwe,2015,87.08,35.95186860843867,7.310983341282311,26.974967751347343,50.92871987355017,0.43261243162930785,0.11608986497927312,-0.5103799947964861,0.06045713196945057,451.71653621861844,37.64304468488487,40.711128199280196,115.61032140769592,4,0.2757582709817789,6.1152661817593605,0.24354072417179498,1292.536856438438,204047.82909334643,16240.053558390799,-0.22079673060386135,,
Zimbabwe,2016,58.2,35.55891395589605,6.4918316552976485,27.16800385434628,47.11740755081289,0.4192247497847363,0.11211264310410078,-0.5046262955260539,0.06008779807701927,707.6850929417179,58.97375774514316,74.78671037926613,227.03382690870112,5,0.2798692621090429,6.563411271224614,0.24675793373767502,1264.4363617228191,500818.19077192794,25164.513327784847,-0.2115518324767083,87.08,
Zimbabwe,2017,95.22,32.67277617111529,6.74791000782515,26.10268956622097,45.04984211891487,0.4742404837133059,0.11447117557865609,-0.5314691087424648,0.06103737840947255,882.2622853381247,73.52185711151039,97.53605790745519,292.14535659317653,5,0.2831631486420778,6.783622195384667,0.24932823939017612,1067.510302727799,778386.7401300506,28825.958173069197,-0.2520441672087061,58.2,87.08
Zimbabwe,2018,51.0,34.75330726371616,7.414400811610204,25.941770139589654,47.22097271358213,0.4471070312949525,0.12084834113693033,-0.5165743806141101,0.06368869954993503,641.6300822904451,53.46917352420376,90.24815648381082,321.17242874230845,4,0.286489914900202,6.465569258985431,0.2519175135330332,1207.7923657662664,411689.16250004334,22298.767399483324,-0.23096403775940363,95.22,58.2
Zimbabwe,2020,98.5,34.89571351970982,5.735299078824617,26.71177334042736,46.52491326335853,0.41753913433695367,0.10937428446569478,-0.5009419699536988,0.0592814467344567,745.663252699679,62.138604391639916,84.03196175997547,239.8107345792242,4,0.2953892676199843,6.615614283893307,0.2588112427392944,1217.7108220496589,556013.6864266653,26020.45124838299,-0.20916287648751564,51.0,95.22
